1003487,Jesus,P00220342,F,18-25,22,0,Maharashtra,Western,IT Sector,Food,4,19474,,
1000429,Farah,P00113342,F,18-25,21,0,Uttar Pradesh,Central,Healthcare,Food,2,19474,,
1003026,Hendricks,P0096642,M,18-25,20,0,AndhraÂ Pradesh,Southern,Healthcare,Food,1,19472,,
1001680,Vasudev,P00064342,M,26-35,26,0,Madhya Pradesh,Central,Food Processing,Food,1,19472,,
1000150,Toch,P00025442,F,36-45,44,1,Delhi,Central,Agriculture,Food,3,19469,,
1003824,Dilbeck,P00110242,F,26-35,26,0,Uttar Pradesh,Central,Chemical,Food,4,19467,,
1004124,Kastensmidt,P00110842,F,26-35,32,1,Haryana,Northern,Media,Food,1,19466,,
1000204,Tejeswini,P00359742,F,26-35,33,0,Karnataka,Southern,Chemical,Food,2,19466,,
1004408,Harsh,P0095042,M,46-50,47,1,Punjab,Northern,Govt,Food,1,19465,,
1004408,Harsh,P0095042,M,46-50,47,1,Telangana,Southern,Govt,Food,4,19465,,
1004227,William,P00089442,F,26-35,26,0,Maharashtra,Western,IT Sector,Food,3,19462,,
1005851,Sakshi,P00293242,M,18-25,25,0,Uttar Pradesh,Central,Retail,Food,4,19459,,
1000808,Kasheen,P00181342,F,26-35,32,1,Uttar Pradesh,Central,IT Sector,Food,2,19457,,
1002526,Shreya,P00271142,M,55+,92,1,Uttar Pradesh,Central,Banking,Food,2,19457,,
1005262,Aryan,P00286642,M,26-35,28,0,Maharashtra,Western,Construction,Food,4,19456,,
1002771,Sukant,P00101942,F,18-25,23,1,Rajasthan,Northern,Chemical,Food,3,19455,,
1001980,Christina,P00174442,F,36-45,38,1,Delhi,Central,Media,Food,4,19454,,
1002109,Gelder,P00270942,F,26-35,31,1,Maharashtra,Western,Govt,Food,1,19454,,
1005329,Heidel,P00112342,M,26-35,35,1,Karnataka,Southern,Textile,Food,3,19451,,
1005718,Nat,P00058042,M,36-45,42,0,Himachal Pradesh,Northern,Banking,Food,3,19450,,
1004950,LaWare,P00176942,F,26-35,30,0,Uttar Pradesh,Central,Govt,Food,1,19449,,
1001532,Aditi,P00250642,F,18-25,19,1,Uttar Pradesh,Central,Construction,Food,1,19448,,
1003519,Catlett,P00313342,M,26-35,32,1,Uttar Pradesh,Central,Lawyer,Food,3,19446,,
1000732,Katz,P00162042,F,26-35,29,0,Delhi,Central,Healthcare,Food,2,19445,,
1001920,Yash,P00123742,M,36-45,44,1,Maharashtra,Western,Banking,Food,1,19445,,
1005806,Roper,P00288642,M,51-55,52,1,Kerala,Southern,Media,Food,3,19444,,
1000229,Dortch,P00156242,F,18-25,18,0,Madhya Pradesh,Central,IT Sector,Food,2,19443,,
1002063,Shreyshi,P00026742,F,26-35,29,0,Haryana,Northern,Banking,Food,4,19441,,
1004417,Lomonaco,P00045142,F,26-35,34,1,Uttar Pradesh,Central,IT Sector,Food,3,19438,,
1004509,Madhav,P00259142,M,26-35,26,1,Bihar,Eastern,Media,Food,4,19437,,
1000780,Ishit,P00321742,F,26-35,30,1,Uttar Pradesh,Central,Aviation,Food,1,19437,,
1001430,Raksha,P00106042,F,18-25,22,1,Uttar Pradesh,Central,Govt,Food,1,19436,,
1000651,Carreira,P00041342,F,36-45,38,0,Maharashtra,Western,Govt,Food,1,19434,,
1003384,Sujay,P00147742,F,36-45,44,0,Uttar Pradesh,Central,Healthcare,Food,1,19434,,
1005488,Logan,P00053742,F,26-35,35,0,Maharashtra,Western,Chemical,Food,2,19433,,
1004682,Vishakha,P00134242,F,26-35,27,1,Karnataka,Southern,Aviation,Food,1,19432,,
1004791,Crebagga,P00124342,F,18-25,19,1,Maharashtra,Western,Govt,Food,1,19431,,
1002181,Sweta,P00150942,F,26-35,32,1,Uttar Pradesh,Central,IT Sector,Food,3,19431,,
1002109,Gelder,P00028942,F,26-35,34,0,Bihar,Eastern,Textile,Food,1,19426,,
